<?xml version="1.0" encoding="utf-8"?>
<ModMetaData>
  <packageId>co.uk.epicguru.rimvibes</packageId>
  <name>RimVibes</name>
  <author>Epicguru (James B)</author>
  <supportedVersions>
    <li>1.1</li>
    <li>1.2</li>
  </supportedVersions>
  <description>
&lt;size=24&gt;Adds Spotify integration into RimWorld.&lt;/size&gt;
Allows you to control your Spotify music without leaving the game! Skip tracks, rewind, advance, and listen to the pre-built Rimworld inspired playlist.
&lt;b&gt;Needs Spotify Premium to work properly. Otherwise it just displays song name.&lt;/b&gt;
 
&lt;b&gt;Works on Windows and Linux. Mac support coming soon.&lt;/b&gt;
  
This is a WIP mod. I plan to add many more features and functionality, such as sharing your playlists and having disco lights that react to your music.
See the store page for all plans.
  </description>
  <modDependencies>
    <li>
        <packageId>brrainz.harmony</packageId>
        <displayName>Harmony</displayName>
        <steamWorkshopUrl>steam://url/CommunityFilePage/2009463077</steamWorkshopUrl>
        <downloadUrl>https://github.com/pardeike/HarmonyRimWorld/releases/latest</downloadUrl>
    </li>
  </modDependencies>
  <loadAfter>
    <li>brrainz.harmony</li>
  </loadAfter>
</ModMetaData>